ph,valor solo para llenar
3.716080075,0
8.099124189,0
8.316765884,0
9.092223456,0
5.584086638,0
10.22386216,0
8.635848719,0
11.18028447,0
7.360640106,0
7.974521649,0
7.119824384,0
7.496232208,0
6.347271761,0
7.0517858,0
9.181560007,0
8.975464348,0
7.371050302,0
6.660212026,0
3.902475686,0
5.400301781,0
6.514415093,0
3.445061864,0
7.181448581,0
9.825489908,0
10.43329098,0
7.414148196,0
5.115817064,0
3.641629777,0
5.618064406,0
9.267187531,0
5.331940479,0
7.145771545,0
9.920691059,0
4.758439425,0
5.702925977,0
6.953864226,0
10.68296643,0
8.757257397,0
7.809631898,0
6.652488091,0
9.147197055,0
10.56074464,0
7.484254838,0
8.520806573,0
4.999413811,0
3.906078355,0
6.391353624,0
8.692092013,0
8.085759801,0
6.203977702,0
5.058108869,0
7.261550522,0
7.160467231,0
5.704764776,0
6.217273135,0
8.67993497,0
6.897322141,0
3.514545529,0
3.722500486,0
6.455004797,0
7.316804754,0
1.844538366,0
5.519125656,0
7.408985467,0
5.976769618,0
6.395359132,0
6.20964226,0
6.762832522,0
9.918717064,0
10.15544017,0
8.721726711,0
6.099646705,0
9.02678772,0
6.953371603,0
6.140877557,0
7.077874007,0
5.488314309,0
7.205559175,0
9.177869866,0
4.270716195,0
7.348844512,0
8.52616987,0
2.612035915,0
8.490571562,0
8.858401531,0
6.098156521,0
8.419970682,0
9.286155021,0
7.875895135,0
7.725332908,0
3.388090611,0
6.745306715,0
7.183825723,0
10.1119767,0
7.397413299,0
7.812804388,0
6.877456933,0
7.521051679,0
8.550875469,0
10.30847766,0
7.371085073,0
11.18069466,0
6.506487767,0
6.643935775,0
5.03377399,0
6.912607562,0
7.977635991,0
6.078335837,0
6.242414484,0
6.06335479,0
8.129585514,0
9.562405944,0
8.167792632,0
8.594416135,0
6.825467901,0
7.861177701,0
4.96577356,0
6.207432968,0
9.769251006,0
9.63066548,0
5.187471605,0
7.633570088,0
5.77119905,0
6.579969329,0
4.801154368,0
7.948815718,0
6.906992172,0
8.461330874,0
7.726134808,0
8.927078148,0
6.20801554,0
6.128425635,0
7.308048848,0
8.640886409,0
8.153210075,0
8.29372011,0
9.489972878,0
7.830976343,0
4.430281212,0
7.240739639,0
6.867301322,0
6.129637015,0
7.917049443,0
6.511618075,0
5.323815584,0
6.769572869,0
5.87797404,0
9.534021716,0
6.340027628,0
8.66159243,0
5.653506135,0
6.626012184,0
7.793833573,0
7.59312765,0
7.362736502,0
9.320305445,0
3.719791644,0
6.655605026,0
9.868877881,0
5.590614436,0
5.554436511,0
4.126528715,0
5.970035657,0
8.369154354,0
6.284248242,0
11.26782838,0
9.298018008,0
7.895469246,0
7.947485786,0
10.02615916,0
6.48819324,0
5.869736755,0
5.30414266,0
7.533614823,0
4.077607725,0
7.086168401,0
6.271012171,0
7.957768344,0
8.875642278,0
6.613709118,0
7.735705022,0
9.925041328,0
9.00258311,0
5.095766465,0
8.594677108,0
7.083779061,0
7.682872498,0
6.419772474,0
4.443238899,0
6.978664262,0
6.623613566,0
3.664710562,0
4.814135621,0
5.779673705,0
6.937818783,0
7.436782609,0
4.723312573,0
9.380658051,0
7.810144933,0
9.436637164,0
9.406325753,0
6.321259315,0
4.705356496,0
8.896418988,0
6.581878202,0
6.755145902,0
9.445129838,0
9.024845037,0
6.80011909,0
7.174135163,0
7.657991237,0
8.322986672,0
5.934279093,0
9.802720782,0
6.101955231,0
4.997770601,0
4.815766791,0
6.548020558,0
13.17540172,0
6.618010906,0
7.788054733,0
5.191834327,0
5.626339528,0
6.869638941,0
9.058628424,0
7.291888325,0
7.275908774,0
6.512737124,0
7.207886781,0
5.324941856,0
7.082300649,0
5.33418358,0
10.7618978,0
6.286806948,0
9.794558699,0
8.210443565,0
6.941719438,0
10.35611883,0
7.958984292,0
3.882631081,0
5.671773833,0
10.00330054,0
6.552847474,0
7.628552723,0
4.79084054,0
7.710959939,0
8.291299006,0
6.193170101,0
9.032660579,0
6.139493741,0
7.12942473,0
5.418503763,0
8.075494508,0
10.04967372,0
5.667650647,0
8.923980608,0
6.428866313,0
6.960603502,0
5.873675846,0
6.79546901,0
10.04102797,0
7.296037734,0
5.862641233,0
7.292141805,0
8.062805643,0
7.82197094,0
11.301794,0
6.593764313,0
9.161088613,0
4.642953052,0
7.798453676,0
5.564342491,0
7.886591227,0
7.443189014,0
3.657123133,0
9.597191857,0
6.964225943,0
7.672909523,0
6.737004072,0
5.382489039,0
7.022952113,0
10.02622381,0
5.583832998,0
7.952929116,0
5.500186641,0
7.543700466,0
6.848331559,0
5.910251729,0
8.716820334,0
6.016889136,0
9.567822726,0
4.296247024,0
3.551579177,0
8.529669348,0
8.065339036,0
9.158445163,0
8.848586283,0
9.495456382,0
8.052893916,0
2.798549099,0
6.425873866,0
7.757269666,0
7.748654706,0
5.117390303,0
7.481535362,0
5.374222585,0
7.063646976,0
6.876451043,0
4.812433652,0
4.993530734,0
4.788861062,0
4.037287739,0
6.505872509,0
6.779773967,0
6.952511674,0
5.628406919,0
5.966000489,0
6.319431545,0
8.02724787,0
8.882684452,0
5.991283475,0
10.27244427,0
6.105140135,0
9.443358884,0
6.887414371,0
6.512900833,0
5.772718095,0
4.912557262,0
9.739561949,0
5.541979019,0
6.448931033,0
5.477912295,0
8.544708662,0
7.378597016,0
6.66400305,0
6.775582812,0
8.736371211,0
7.146976296,0
5.040331692,0
7.745499128,0
6.259651603,0
8.59639118,0
5.767349597,0
7.088940642,0
8.029181613,0
4.725785565,0
8.19576536,0
6.443753668,0
7.039094321,0
6.945224092,0
5.742110407,0
5.59662785,0
7.350378987,0
6.262798867,0
9.927023723,0
5.381407519,0
4.961352728,0
6.457097525,0
6.53936951,0
6.252410005,0
7.967344823,0
7.60952119,0
6.887863944,0
9.879071258,0
7.63876177,0
6.961891686,0
8.060609624,0
7.240271791,0
7.486779709,0
8.410460643,0
6.143921454,0
6.09617989,0
6.384824009,0
9.462666017,0
7.868147086,0
5.873157137,0
6.529304448,0
5.152203722,0
7.858662779,0
7.704410252,0
6.728004386,0
10.46450248,0
9.11278625,0
8.079808358,0
7.078659419,0
8.043889299,0
7.040244978,0
5.483974109,0
8.53440688,0
7.266594535,0
6.256651148,0
7.240351006,0
8.692115322,0
8.639540978,0
7.179864149,0
7.163999223,0
8.926113143,0
6.353110302,0
6.681553568,0
5.445325981,0
7.539881893,0
4.37047658,0
10.31640038,0
6.599593819,0
4.197583589,0
7.920794564,0
6.330732765,0
7.76414261,0
8.237142634,0
5.679234115,0
7.417570368,0
4.775983439,0
7.86509497,0
5.903465715,0
7.705711006,0
7.815121778,0
6.139743032,0
5.041405028,0
8.675192692,0
7.689358004,0
8.570129121,0
5.671762326,0
6.624806428,0
6.541007699,0
9.241197563,0
6.340809022,0
5.980357227,0
7.60597883,0
6.427512443,0
6.109073312,0
5.842933081,0
5.36754649,0
5.345887147,0
5.386307352,0
9.919478426,0
7.121458435,0
9.418296122,0
7.457164758,0
5.27222756,0
7.29195704,0
7.803833221,0
6.844350911,0
5.608745232,0
5.701154645,0
5.412762498,0
5.018132384,0
4.552238411,0
7.025305942,0
5.770620969,0
8.437875983,0
5.907078269,0
6.89834133,0
10.25273437,0
8.206499938,0
7.286167388,0
8.809296432,0
6.641500687,0
6.145148361,0
5.906441765,0
5.38984593,0
5.006562979,0
6.5036382,0
9.606858896,0
8.742229882,0
8.394397412,0
3.841205038,0
4.301373467,0
9.895889213,0
4.319440673,0
8.313773604,0
3.410359671,0
7.510943342,0
6.978290868,0
7.46072722,0
7.220165553,0
8.790851189,0
9.049166054,0
9.515140615,0
6.14524294,0
7.494212047,0
7.091885817,0
6.624572528,0
6.032188903,0
6.344095425,0
7.459144859,0
6.361666803,0
9.011588754,0
7.466213132,0
5.739816333,0
7.785106673,0
7.138586781,0
8.805177745,0
8.003031485,0
7.157337864,0
6.427365144,0
6.124672271,0
8.457901037,0
5.772197394,0
6.760790523,0
7.895045662,0
8.576739928,0
5.596729818,0
8.145632374,0
6.665495068,0
6.499067998,0
9.735889388,0
9.268281895,0
10.0596421,0
6.475885399,0
6.096128348,0
6.297845634,0
5.284096687,0
8.26994471,0
6.03956779,0
6.243279004,0
8.214099764,0
9.836030547,0
8.719764332,0
7.009601694,0
6.492638846,0
7.814524321,0
9.652562935,0
8.00754122,0
7.386837696,0
5.497580321,0
6.057828114,0
6.268953337,0
6.284984822,0
9.043095632,0
8.523062079,0
4.02905271,0
6.412707042,0
6.27629499,0
7.648877928,0
5.548181849,0
7.468617019,0
7.918150471,0
5.433242117,0
8.33951161,0
6.715719088,0
6.09801209,0
6.576845323,0
4.68109876,0
8.15121531,0
5.669689566,0
6.6249436,0
8.273643584,0
10.50966863,0
5.171434094,0
6.9641983,0
6.548796521,0
6.555439264,0
9.042582866,0
5.970578908,0
6.273805782,0
6.604007989,0
7.14394199,0
8.11644657,0
7.66518778,0
5.555352973,0
7.543931305,0
7.340170884,0
10.01518906,0
7.846463341,0
6.334162776,0
9.616095703,0
8.892998479,0
8.1414299,0
8.165714933,0
4.931958445,0
8.977821883,0
7.372611796,0
9.107330383,0
4.168248461,0
7.806909023,0
6.704635426,0
3.623165848,0
7.966856824,0
4.595607756,0
3.994497606,0
8.907987118,0
5.898726325,0
9.514626622,0
8.842463656,0
7.721078494,0
9.089421098,0
1.757037115,0
7.725192099,0
6.729191489,0
5.085429353,0
9.545270521,0
6.246264054,0
7.376449105,0
7.802426084,0
8.596767212,0
6.436444496,0
7.333477726,0
6.144759038,0
4.725997721,0
5.393345914,0
5.624819996,0
5.768868031,0
5.251353815,0
7.688785916,0
3.681076271,0
4.897691707,0
5.842754601,0
5.038316783,0
9.961247709,0
7.417502637,0
5.099932005,0
3.633162829,0
8.860450854,0
10.13793229,0
9.90081484,0
10.2684305,0
0.22749905,0
6.017260924,0
7.110845138,0
6.350290472,0
8.12934172,0
10.25281623,0
5.462355935,0
9.239440361,0
7.071314192,0
7.115895266,0
8.238996597,0
6.446252032,0
6.161779499,0
6.772156538,0
7.06184552,0
4.638250259,0
7.678966889,0
8.137713063,0
7.481397772,0
8.082148076,0
7.702183099,0
6.750761186,0
6.323942073,0
5.403883692,0
5.699873488,0
7.694264582,0
8.581428694,0
9.888941401,0
3.426450368,0
8.370440489,0
8.390500572,0
7.58194468,0
9.850054687,0
5.225683807,0
9.663653196,0
7.935607325,0
8.92814208,0
6.920342899,0
10.53809844,0
5.729302912,0
5.335688809,0
6.769834881,0
6.848329601,0
8.589202344,0
8.473649323,0
7.591346094,0
8.137767883,0
5.35256598,0
7.998090254,0
11.89807803,0
7.442536475,0
5.140800528,0
6.947915534,0
9.622105987,0
5.361211666,0
4.909518983,0
6.376408434,0
3.94012546,0
6.916825973,0
9.146557556,0
10.26841472,0
8.787667941,0
7.36876853,0
9.352719753,0
9.393148442,0
7.296572875,0
8.900864697,0
8.107244313,0
7.804368874,0
4.666148131,0
10.90507641,0
4.739548767,0
9.869231935,0
5.827541212,0
0.989912213,0
9.485832873,0
6.435722717,0
6.365497241,0
5.452214926,0
5.433466239,0
7.374775414,0
5.226941884,0
4.594209164,0
6.784133024,0
6.400256164,0
6.839415898,0
6.901863449,0
7.888843574,0
5.527633483,0
6.492403122,0
6.684699737,0
6.223677775,0
4.758648347,0
7.440825031,0
8.054885744,0
7.061830972,0
7.611609817,0
4.691438315,0
8.064170137,0
4.292966858,0
7.865756954,0
9.085637102,0
6.592442508,0
7.032818726,0
8.990317234,0
8.561218924,0
6.739157692,0
6.492627157,0
6.753128353,0
5.039373609,0
8.296344056,0
5.455599352,0
7.918183321,0
5.01804587,0
6.495435285,0
8.783167624,0
8.159666704,0
7.685396843,0
7.762020745,0
7.207931097,0
6.9870415,0
4.692196563,0
4.059431468,0
8.389945659,0
10.69553249,0
6.791696907,0
9.953952112,0
4.489783796,0
8.020869103,0
5.090035332,0
6.466874709,0
6.702496216,0
5.766204134,0
6.571099217,0
8.509220049,0
5.953981878,0
5.403196492,0
5.596929951,0
10.63290961,0
4.916819229,0
7.183095932,0
5.923441415,0
7.377036504,0
7.833495881,0
4.745764371,0
9.055825785,0
5.492155983,0
4.487517479,0
7.027185659,0
10.20064451,0
6.784279329,0
8.080415244,0
7.344975869,0
5.923739955,0
8.285395275,0
5.949518764,0
5.296578804,0
10.28206797,0
7.016836113,0
6.871607245,0
8.274069059,0
8.238878989,0
5.791154373,0
6.153368957,0
7.303051906,0
7.5926723,0
6.784116115,0
5.606856131,0
4.922045466,0
5.700784947,0
10.67805626,0
7.602121475,0
8.846281957,0
6.751698586,0
5.088213197,0
6.954907217,0
8.983811794,0
9.519659984,0
4.700392724,0
10.38613293,0
5.746529194,0
10.8112895,0
8.966835973,0
6.848805453,0
8.861701557,0
4.252985001,0
6.729829904,0
5.924540482,0
6.783888468,0
7.390896679,0
6.470151959,0
6.93039147,0
9.302441188,0
7.421997644,0
6.583064856,0
6.204429354,0
9.066628054,0
4.713116701,0
10.58138599,0
7.574261237,0
6.138785152,0
5.276323544,0
6.776879088,0
7.239415921,0
6.552279123,0
8.408766231,0
7.986398706,0
7.366915284,0
6.062738419,0
7.8564711,0
5.15839641,0
6.39908051,0
7.394255556,0
4.443850856,0
8.247148271,0
4.902158989,0
6.86313625,0
6.66953238,0
7.595669984,0
8.163076383,0
8.87027826,0
8.769676022,0
4.737391257,0
7.790874862,0
6.0873061,0
7.651294226,0
4.771490669,0
5.392057607,0
5.477283049,0
6.364155674,0
8.347949483,0
6.615981652,0
8.312379503,0
6.836224939,0
6.385470898,0
6.490037175,0
6.648849186,0
9.323583858,0
4.581968728,0
7.884841993,0
6.168838539,0
7.230845307,0
8.693104326,0
4.797460182,0
9.319176393,0
7.581687577,0
5.348213659,0
5.487876363,0
8.315959071,0
8.551077748,0
6.013160966,0
5.744067537,0
5.218989651,0
7.458707683,0
11.02787986,0
6.72958019,0
4.1502143,0
7.159398311,0
6.209697437,0
9.608533594,0
5.375895979,0
8.69712216,0
7.748928548,0
7.117917746,0
8.31002902,0
5.524296531,0
10.20142576,0
5.368125754,0
8.937802408,0
8.124207826,0
7.184973119,0
5.499489286,0
5.319769073,0
6.369111631,0
6.733493842,0
6.883015402,0
8.013516429,0
8.272055091,0
8.746985976,0
8.154840855,0
9.045720545,0
8.922409559,0
5.961301572,0
8.184410006,0
7.636454091,0
7.775385593,0
7.617148871,0
6.664934584,0
8.815357953,0
7.765635562,0
6.225152013,0
8.56704382,0
6.994194675,0
3.344588533,0
7.774468469,0
7.203438849,0
6.150487601,0
6.767523658,0
8.037430327,0
8.177174974,0
6.744799075,0
7.603775446,0
8.546145555,0
5.432512085,0
7.71408936,0
8.154531511,0
7.845879929,0
7.156424495,0
5.694694238,0
6.707685556,0
4.775221956,0
8.501711439,0
7.741245059,0
4.187490815,0
7.808012212,0
5.895948983,0
7.269652253,0
9.489600966,0
7.457979827,0
7.992320364,0
7.746343115,0
8.27579563,0
6.879959452,0
6.799375518,0
8.167767663,0
4.736404607,0
5.95392389,0
6.578998162,0
8.775485734,0
6.850302032,0
8.757110512,0
8.073278952,0
5.078274175,0
7.444914015,0
9.434005875,0
5.905906954,0
5.803496976,0
7.617151922,0
9.008464334,0
5.422445768,0
9.778181813,0
5.204938763,0
4.872560878,0
7.793914804,0
7.058182608,0
7.890354274,0
7.535700191,0
7.202534416,0
8.722143777,0
8.352635176,0
6.284385791,0
9.30566048,0
4.923178856,0
6.14301848,0
5.744504157,0
6.616649175,0
7.62349992,0
7.860106422,0
7.393110153,0
5.579517093,0
4.303574607,0
7.310715696,0
6.417702476,0
10.77431809,0
5.036453976,0
10.41504401,0
8.41860665,0
7.808641136,0
7.55796363,0
11.24450714,0
5.728823779,0
10.48680842,0
3.792125732,0
5.716251354,0
5.473603398,0
6.770926884,0
6.043360084,0
6.320427823,0
9.185417502,0
8.684778672,0
7.961721463,0
5.484151254,0
7.186931122,0
5.470802484,0
9.792727769,0
3.637170625,0
7.064789081,0
6.632031569,0
5.913956688,0
9.484703254,0
8.447404488,0
7.727421141,0
6.859323726,0
5.846786697,0
6.300001767,0
6.646469922,0
7.313446756,0
6.572656389,0
6.002414612,0
5.93605711,0
7.591089848,0
6.875746152,0
8.016279103,0
8.783596632,0
6.911698241,0
8.719240207,0
5.974583248,0
4.429378735,0
8.215123507,0
7.828740105,0
7.949964795,0
6.114332051,0
7.139428273,0
7.96852587,0
6.635894308,0
6.394548023,0
6.280978207,0
7.992026977,0
5.068795502,0
8.151248962,0
7.582941677,0
5.34411687,0
7.871961403,0
5.327023534,0
10.55027327,0
7.47102667,0
7.943882477,0
2.69083124,0
9.13569426,0
5.214009194,0
8.649534947,0
7.75667895,0
7.104295204,0
5.363362645,0
6.582499747,0
6.810466517,0
5.574116595,0
8.555283423,0
4.483402761,0
3.783043638,0
7.138374317,0
7.912361028,0
9.128357758,0
5.271971378,0
6.465093529,0
8.245186596,0
6.704791892,0
6.430254786,0
7.482791276,0
5.504452321,0
7.521920636,0
8.522567733,0
5.694475546,0
6.93450359,0
6.115180039,0
8.575673022,0
5.689142988,0
7.2261272,0
7.197795992,0
3.846814328,0
5.896339346,0
8.326349854,0
6.891561655,0
5.548124947,0
5.386637962,0
7.262534652,0
6.257085791,0
7.025504335,0
6.584839333,0
6.565633547,0
6.622102936,0
7.217392781,0
5.253907429,0
8.131375234,0
6.61977546,0
6.217255307,0
5.019984767,0
6.907379615,0
6.313114732,0
7.29392925,0
6.63036382,0
8.015780395,0
4.249890379,0
4.26526964,0
9.266840595,0
9.619456626,0
7.086877326,0
3.433874059,0
8.436759029,0
12.24692807,0
7.34303194,0
4.616438934,0
8.307462969,0
4.909640554,0
7.70910636,0
7.818274839,0
8.207458913,0
6.958534137,0
4.349439999,0
6.629985036,0
8.96969739,0
6.77105029,0
6.724639342,0
6.967270764,0
7.053116739,0
7.755154227,0
8.580008559,0
6.901710203,0
7.814250247,0
5.918953546,0
7.021295306,0
8.132736965,0
6.057068041,0
5.343075103,0
5.742533063,0
6.584813111,0
8.070477127,0
6.652824348,0
5.506061504,0
6.441766486,0
8.248703054,0
2.569243562,0
5.664845758,0
8.999498939,0
5.588537191,0
6.265637344,0
6.922041828,0
8.072612403,0
8.828094375,0
8.647454007,0
7.475536902,0
11.53488049,0
6.453064803,0
8.192210156,0
7.247700982,0
7.893131973,0
6.164449536,0
7.9373922,0
8.281120655,0
4.906491593,0
8.143483376,0
5.117913529,0
6.449070009,0
5.613562647,0
5.754212968,0
6.906574998,0
6.336267097,0
8.121253676,0
8.935115926,0
6.45278075,0
8.458814662,0
6.930082548,0
6.255070001,0
5.669818774,0
7.945407487,0
7.499844232,0
4.695516141,0
6.710633528,0
9.502856746,0
4.405327147,0
6.810344849,0
6.983133113,0
6.968131313,0
5.76255225,0
8.397248096,0
8.828326658,0
9.395842202,0
7.593176933,0
5.149133288,0
4.916740541,0
7.371289877,0
8.278752741,0
10.20297155,0
4.562156483,0
5.202672013,0
9.149733927,0
7.615556979,0
7.813067625,0
7.721032688,0
9.056244707,0
8.082657125,0
5.84866707,0
8.470545999,0
9.22858163,0
8.170588045,0
6.381977105,0
6.98981377,0
10.3781082,0
3.590822364,0
7.388518503,0
6.966835168,0
6.703486854,0
7.139671256,0
6.64879301,0
7.940713224,0
8.228563825,0
8.665692083,0
5.06404246,0
7.894322783,0
7.042793877,0
8.305063984,0
8.268307592,0
7.397562418,0
6.36729853,0
8.410625565,0
7.098245544,0
7.32250205,0
5.198224971,0
6.280905113,0
6.823930137,0
6.629993518,0
10.30157127,0
6.123193935,0
6.848033469,0
6.411525836,0
5.122648455,0
3.43485576,0
10.84813042,0
8.725393412,0
10.35174253,0
8.174028131,0
8.034011917,0
8.205541815,0
7.893818459,0
5.488135469,0
8.163074031,0
6.867000691,0
5.821706914,0
7.451888779,0
6.898315041,0
7.544340114,0
4.103867855,0
5.329938815,0
6.962993545,0
6.846059942,0
6.279842183,0
6.739849728,0
5.495035446,0
7.583770299,0
5.866702734,0
6.394980461,0
5.82126163,0
5.514062185,0
6.730883602,0
5.198067643,0
7.362331187,0
7.06614184,0
5.420347747,0
7.015332583,0
6.044671753,0
6.198650336,0
7.678945067,0
8.062066123,0
7.255798597,0
6.792407469,0
7.368165577,0
8.837786915,0
7.108140711,0
5.289618437,0
7.169251038,0
7.695049437,0
8.693149901,0
6.999764511,0
6.897922717,0
6.382314604,0
9.917092057,0
5.609025354,0
6.277463093,0
7.714312672,0
6.351286549,0
7.958871446,0
6.618186567,0
6.000723336,0
6.39292784,0
6.977267852,0
6.353436844,0
6.019939995,0
7.330196877,0
9.241338767,0
6.593174457,0
6.948265449,0
5.938321179,0
8.249550509,0
6.903816978,0
7.605674821,0
6.589290501,0
7.511816641,0
7.301444654,0
6.788291583,0
6.692531669,0
6.028101118,0
6.715940564,0
7.490786676,0
6.336588682,0
7.381757557,0
7.256015039,0
7.025821771,0
7.606880475,0
6.983860439,0
6.347020018,0
7.322828417,0
6.777506359,0
8.370364965,0
6.642755695,0
6.217584914,0
6.630122156,0
8.051022203,0
8.416086817,0
7.933067692,0
7.917608595,0
8.942045991,0
7.033945359,0
7.580048808,0
8.473249064,0
6.816416925,0
6.460033522,0
6.227826795,0
5.632731647,0
6.191241443,0
7.701032797,0
8.832641116,0
5.646083312,0
7.332103963,0
7.896743922,0
5.675294715,0
6.010617577,0
7.986018499,0
7.159613912,0
7.565198073,0
6.865568515,0
5.736675709,0
6.129069622,0
5.991371082,0
9.723377231,0
7.736312841,0
6.715799479,0
7.966762553,0
8.242558635,0
6.539546128,0
6.78538406,0
7.007974587,0
7.740383939,0
7.918087079,0
5.772769698,0
7.571684493,0
8.73352533,0
6.917858355,0
8.512780909,0
6.539115261,0
8.22708313,0
7.274198051,0
7.118980168,0
5.941942536,0
7.278910903,0
7.445189026,0
6.442496436,0
6.919726155,0
6.47237105,0
8.25121778,0
6.707108206,0
7.24019447,0
6.528490775,0
7.031839174,0
7.494391101,0
6.957433638,0
6.962324595,0
6.509621638,0
8.069297893,0
7.213375388,0
6.790838199,0
6.975209178,0
7.422225264,0
6.505065807,0
6.617862257,0
6.769769339,0
6.341751224,0
7.058866081,0
7.539287395,0
7.490807654,0
6.037428194,0
6.706695161,0
6.758851697,0
7.48678088,0
6.904121373,0
7.348937142,0
7.846057926,0
6.1798098,0
6.755669308,0
7.266598792,0
8.218171066,0
6.980061939,0
6.381978996,0
6.64800546,0
5.899936567,0
7.260904363,0
5.575920648,0
5.467401255,0
6.090016057,0
8.205447053,0
7.670505864,0
6.791097166,0
6.006769481,0
6.336342762,0
7.473235377,0
7.380104835,0
10.067633,0
5.9159443,0
6.124847329,0
7.876495131,0
6.021051323,0
6.58545023,0
6.342671183,0
6.632990254,0
5.400700138,0
7.460147818,0
6.709822001,0
8.054893322,0
5.365192408,0
6.920388988,0
7.025456548,0
7.974248428,0
8.03105522,0
7.614056817,0
7.643578362,0
7.731315009,0
6.268402756,0
7.369911642,0
6.320375285,0
7.290088572,0
6.356511062,0
7.974065001,0
4.943508444,0
7.700362305,0
6.05460718,0
4.22142068,0
8.545890346,0
7.752176213,0
5.588129751,0
8.649868625,0
7.899256515,0
5.952267969,0
8.040187557,0
4.313219151,0
6.707016928,0
5.853560601,0
8.817402774,0
7.47640846,0
7.691486298,0
7.367371853,0
8.927905926,0
5.62122732,0
6.450644925,0
7.566517125,0
6.115637546,0
7.595228724,0
7.131221859,0
7.399724708,0
7.002479941,0
5.345345371,0
6.185951163,0
6.070090952,0
7.095569331,0
3.928556492,0
6.352973105,0
5.999125178,0
8.899588378,0
7.37533762,0
8.979322853,0
8.532377474,0
7.213537481,0
8.895574458,0
6.582764204,0
5.986593892,0
6.841221063,0
7.146117225,0
7.507575296,0
7.997175823,0
5.174345998,0
6.479092567,0
7.811512445,0
7.437216653,0
7.953878115,0
6.396569931,0
8.058135997,0
9.497261163,0
7.984710742,0
6.26111058,0
6.957802749,0
9.663159015,0
6.732713713,0
4.886057057,0
9.610220345,0
8.518531795,0
6.950786515,0
6.023022741,0
9.011480407,0
7.946767904,0
7.709617351,0
6.081615358,0
8.146185794,0
8.141861116,0
7.703356821,0
9.252856509,0
6.047651489,0
6.152857802,0
9.074922874,0
7.436537227,0
7.130099196,0
6.79212545,0
8.885626344,0
9.47531626,0
7.183108734,0
6.157443145,0
6.467868302,0
7.488133464,0
7.32354512,0
6.530796124,0
6.931470427,0
7.774645243,0
8.107500139,0
6.306864459,0
6.609680322,0
6.632205879,0
5.716755667,0
7.74045387,0
6.277277371,0
8.006373298,0
6.513016586,0
6.234197672,0
7.277143967,0
6.04451303,0
6.643026538,0
5.15045654,0
6.110545161,0
7.831117737,0
6.980727164,0
8.552782416,0
6.449379439,0
7.392084038,0
8.360795827,0
7.619845077,0
5.404510674,0
7.079303518,0
7.161714893,0
6.854946859,0
7.309556407,0
9.313465893,0
6.187938054,0
7.965337305,0
9.264390909,0
7.754044354,0
9.393891652,0
8.176079615,0
8.337696201,0
7.191024857,0
8.613698595,0
7.793039171,0
3.878879389,0
3.978284627,0
5.96406536,0
7.53205858,0
7.233538435,0
7.480728114,0
4.477091714,0
6.31407747,0
8.822610384,0
6.922652371,0
6.904536858,0
6.548017642,0
6.581082756,0
7.864649673,0
6.136907177,0
6.94702854,0
6.203322508,0
8.373170925,0
5.921247069,0
8.829806178,0
6.832217388,0
9.281302611,0
7.456250785,0
7.088250976,0
5.648628538,0
4.293961235,0
9.678050854,0
8.662709501,0
5.897391121,0
9.494242648,0
7.080193059,0
7.55985231,0
7.040394956,0
8.053043682,0
7.044375319,0
6.309891576,0
6.203572848,0
6.879404957,0
7.754884394,0
7.916669699,0
6.405392482,0
7.795957801,0
6.963979351,0
6.967861397,0
6.622791356,0
7.369988621,0
5.284810115,0
6.851442603,0
7.760189365,0
7.280560357,0
6.83425989,0
6.728975148,0
8.016418375,0
6.864916739,0
5.80897552,0
8.458796988,0
6.987335279,0
7.288736661,0
8.116350275,0
7.463915951,0
7.512361216,0
6.415108472,0
7.059940234,0
7.425102223,0
6.742622398,0
7.682923445,0
7.041665417,0
7.185276449,0
6.597292363,0
6.908853083,0
6.281903929,0
7.036752104,0
7.362912867,0
7.369087139,0
7.708109989,0
6.50411278,0
8.185923417,0
6.149185174,0
7.080445821,0
6.628427347,0
4.704698462,0
7.976900874,0
6.809644515,0
6.967696683,0
6.44455517,0
6.277742483,0
9.014356734,0
7.78166376,0
6.084360116,0
7.15473588,0
6.74881155,0
8.128270069,0
6.335683142,0
5.940475876,0
7.614877639,0
6.718249445,0
6.866356515,0
7.553844615,0
7.366671989,0
6.567759613,0
6.333640046,0
5.892413186,0
7.91803917,0
6.549124998,0
6.804796145,0
7.17617087,0
7.085095883,0
7.201702375,0
7.776044113,0
7.046548537,0
7.732880078,0
6.266799948,0
6.630251709,0
6.775631133,0
8.164992426,0
7.773758137,0
7.295141332,0
7.657541728,0
7.664793523,0
7.800421289,0
7.264069097,0
7.544305636,0
7.749773784,0
7.442023084,0
6.559252621,0
7.035036795,0
7.880685943,0
7.498372459,0
6.538207173,0
6.373288071,0
5.756475689,0
6.918062438,0
8.81350466,0
7.361599832,0
9.175586153,0
6.550877193,0
6.510855611,0
7.347030356,0
8.11195317,0
5.985012451,0
6.433722353,0
6.770095146,0
7.927969553,0
7.338826111,0
7.078361074,0
6.751668627,0
7.744125219,0
7.560392023,0
7.830607591,0
6.746934968,0
6.542281787,0
8.549692514,0
7.499844502,0
5.763772807,0
7.276863125,0
7.493290816,0
6.11602398,0
5.226895232,0
6.420640206,0
7.669012537,0
7.128062255,0
6.615350135,0
6.504876222,0
7.459124173,0
7.096047101,0
6.989442177,0
8.297725878,0
3.84645395,0
9.380007092,0
8.998375023,0
5.690387424,0
7.301563449,0
7.031684051,0
4.348674993,0
5.29419539,0
7.257930995,0
9.250491639,0
9.680474778,0
6.741245821,0
6.81170227,0
6.966942962,0
7.446089059,0
6.210647606,0
7.341547112,0
7.051396426,0
6.64261391,0
10.14629048,0
14,0
8.4695373,0
6.043212071,0
5.84111884,0
8.114665426,0
5.585116998,0
5.903993501,0
10.28412608,0
9.57822672,0
7.094830834,0
9.687260028,0
6.52744059,0
7.744772552,0
8.28922427,0
7.249257333,0
7.744098531,0
6.890274539,0
6.047380857,0
11.56876797,0
10.16483856,0
8.722311224,0
3.717703935,0
4.894278074,0
6.071183422,0
9.032563451,0
9.913703797,0
4.229224559,0
9.135451944,0
3.906567514,0
7.384048888,0
8.524296363,0
5.706130889,0
3.71517136,0
6.519847784,0
7.910640914,0
6.587464617,0
4.30002934,0
8.575939174,0
8.884934503,0
10.5047602,0
6.946717558,0
8.107091815,0
4.908899724,0
5.098967068,0
6.093091914,0
10.03393346,0
8.978997745,0
5.514747799,0
6.731278124,0
7.191962029,0
7.12771121,0
5.632040992,0
7.95502634,0
7.775049501,0
5.168340328,0
7.66752086,0
7.272362197,0
3.691932693,0
7.692523534,0
8.157518083,0
7.187765846,0
5.689554344,0
8.758824521,0
9.814247469,0
9.969273221,0
9.14912671,0
5.840811554,0
4.98167205,0
5.423318496,0
4.838571107,0
7.904053371,0
6.744064261,0
8.66397482,0
4.161111968,0
8.515977267,0
9.99980746,0
7.038092306,0
2.803563057,0
5.972599968,0
8.180755326,0
7.010243376,0
8.179890443,0
6.865125275,0
7.950816584,0
9.581188523,0
7.274756855,0
8.026773256,0
7.879543234,0
6.44897109,0
5.189413669,0
6.538084087,0
5.91580675,0
8.136497869,0
6.493764175,0
6.977405633,0
5.489248055,0
2.558102799,0
7.312109304,0
8.55409697,0
6.704431913,0
8.028304242,0
8.616824426,0
9.46712903,0
6.793698635,0
5.486058602,0
5.05074838,0
6.246117565,0
8.142330913,0
6.852899085,0
8.801933555,0
8.383761691,0
6.47613984,0
9.894562129,0
4.808039747,0
10.5779305,0
6.30497166,0
7.822491883,0
7.989376234,0
9.671796765,0
5.941265556,0
5.574755848,0
7.610509211,0
7.102446618,0
5.152739799,0
7.301463638,0
6.104925814,0
6.001382441,0
7.885678999,0
7.679090583,0
10.39194239,0
6.714862378,0
7.349653377,0
7.345138417,0
10.14708958,0
6.380717315,0
7.940646964,0
7.78673469,0
6.323040314,0
6.645657378,0
6.014539831,0
10.08677124,0
5.16622597,0
5.573201157,0
9.494558726,0
9.036504348,0
4.400509039,0
6.975392341,0
6.68774978,0
6.867521704,0
6.155249161,0
8.3032638,0
8.641634075,0
7.348611231,0
7.573905933,0
7.855906368,0
3.798391049,0
11.23542596,0
6.396341051,0
5.228506322,0
6.512239645,0
7.83431924,0
7.388292039,0
6.020653841,0
8.388322494,0
8.384296439,0
7.393977957,0
8.384623152,0
7.094802143,0
6.565319432,0
6.38171958,0
7.539742095,0
10.62882091,0
9.228484209,0
10.52460198,0
6.021265943,0
5.973951249,0
6.217579612,0
9.130607244,0
6.095511875,0
6.195254905,0
5.814564234,0
6.756659807,0
6.36997353,0
6.601407395,0
5.651933841,0
7.606066882,0
2.97442941,0
8.111101031,0
7.116132606,0
5.280292296,0
9.808258179,0
8.018831607,0
6.603640717,0
6.450805743,0
6.26637841,0
5.161878763,0
6.98440553,0
6.791992649,0
8.30922771,0
5.057736411,0
6.908272154,0
7.243409879,0
6.164480227,0
9.16099754,0
5.277875568,0
3.975752658,0
5.685216463,0
6.93365391,0
7.464485186,0
6.071838864,0
7.136102613,0
6.328553081,0
6.150595718,0
5.508155526,0
4.761105185,0
10.49074403,0
6.676137319,0
7.973307535,0
7.352146038,0
6.990800831,0
5.468360932,0
7.835906989,0
2.538115773,0
8.423084472,0
7.617014109,0
7.617033494,0
5.429334842,0
5.495975999,0
5.092757239,0
6.252810211,0
6.747415283,0
6.640862809,0
7.300990131,0
5.498514693,0
5.652501287,0
6.164927293,0
7.851925692,0
7.22168944,0
6.578083891,0
7.859489939,0
6.073684981,0
6.407963336,0
8.64664295,0
7.184697763,0
6.93208503,0
6.174750579,0
9.54025224,0
6.888842932,0
8.174186267,0
8.756926859,0
4.740056688,0
8.764495619,0
7.899451562,0
7.40265315,0
5.800034177,0
7.089184187,0
7.852206664,0
4.9456947,0
9.77693205,0
5.15348864,0
6.884981084,0
7.608750191,0
4.901906856,0
5.711212506,0
7.476689512,0
7.033495055,0
8.655298873,0
8.304334653,0
7.717076952,0
7.555822759,0
4.881729594,0
8.311271181,0
3.800431282,0
4.08359488,0
4.865069696,0
9.624726886,0
5.188776875,0
7.842979001,0
5.916930488,0
5.72968912,0
5.678220967,0
7.38658182,0
7.519227463,0
7.446225785,0
7.753936118,0
9.159660477,0
7.496990927,0
7.542300167,0
7.15905299,0
5.844673796,0
5.258414737,0
7.420640789,0
7.074251444,0
8.189213851,0
7.744130994,0
8.289857906,0
8.025220021,0
8.848927372,0
6.438421804,0
8.205550719,0
8.310373672,0
7.833970824,0
8.142660401,0
5.896432475,0
4.3107015,0
7.895769121,0
6.862995092,0
6.30476863,0
6.578680569,0
8.96724411,0
7.423088086,0
9.166758133,0
8.468694415,0
6.48615266,0
4.439095783,0
7.79278353,0
7.205218264,0
6.569053876,0
4.29168773,0
4.921093903,0
6.727185265,0
5.757088957,0
5.842359064,0
8.848103019,0
5.866250668,0
6.020995363,0
7.529929503,0
6.649705311,0
5.097786226,0
6.483994508,0
5.669699209,0
8.127710424,0
9.106916915,0
7.575757884,0
8.246369054,0
2.945469061,0
4.964070342,0
4.99139689,0
5.04562573,0
11.06945629,0
5.775330889,0
9.012100313,0
4.031610444,0
7.882123947,0
8.759488715,0
6.653649515,0
4.473882085,0
9.349469962,0
6.862936026,0
8.261405952,0
8.860324242,0
7.49651068,0
10.16417334,0
6.039823242,0
6.057904774,0
8.005016372,0
7.038347517,0
8.237091874,0
6.574083864,0
7.33810761,0
4.851103882,0
6.917920216,0
6.709336439,0
6.894050879,0
9.864727092,0
8.039696863,0
9.824706476,0
10.88730499,0
9.831401691,0
6.528479453,0
4.09141145,0
6.175164949,0
8.736126384,0
8.240945815,0
9.152284709,0
6.317576554,0
5.692124157,0
7.191493719,0
7.381108534,0
6.17251737,0
9.076317994,0
8.85411954,0
6.768060049,0
8.543216837,0
9.564853066,0
5.49978773,0
5.195920669,0
7.283913577,0
5.872439859,0
5.735723555,0
6.158424006,0
7.294364433,0
7.054266774,0
3.148712285,0
5.665266377,0
8.310938776,0
7.096098311,0
7.957113516,0
7.400238581,0
9.734619708,0
8.037761108,0
5.681810748,0
8.394509585,0
8.528292138,0
6.238053654,0
5.870615501,0
6.433726195,0
6.069363894,0
6.660461917,0
7.506111457,0
5.895145558,0
6.449236657,0
8.550525459,0
7.12263744,0
8.558663124,0
4.624304291,0
6.091382724,0
9.658661976,0
8.115624507,0
6.914868152,0
7.337924402,0
7.766114454,0
8.433974836,0
6.891549222,0
5.946160789,0
6.363836378,0
5.331799285,0
8.466013448,0
7.426274011,0
11.21913474,0
5.708517435,0
6.559627885,0
5.606315226,0
7.539337776,0
8.849702725,0
7.682762474,0
6.448191032,0
10.19941269,0
7.76618666,0
9.756577628,0
6.406797813,0
8.445219159,0
4.137044913,0
7.675913621,0
5.70110097,0
6.376576427,0
5.517737316,0
3.854617678,0
7.558076302,0
7.387433763,0
7.763415107,0
7.509350205,0
5.057270546,0
5.830542049,0
5.859690474,0
8.891674051,0
10.15421907,0
7.683156515,0
7.455541163,0
4.81183249,0
5.720136479,0
9.961503137,0
3.230973106,0
10.18843265,0
6.262907282,0
7.399811394,0
9.271668544,0
4.704183667,0
8.65479265,0
8.018771949,0
8.189363356,0
9.341091803,0
4.89196004,0
6.056817845,0
5.655117422,0
7.890263353,0
11.90773983,0
8.811472248,0
4.12658131,0
5.735358659,0
8.000775801,0
8.77504747,0
8.303831038,0
5.082241432,0
5.813546488,0
3.422394164,0
5.913374864,0
6.78302374,0
6.836059947,0
4.884388229,0
8.331553235,0
7.819659154,0
5.428356914,0
4.556656719,0
7.333003447,0
7.114386719,0
6.376950464,0
9.338235018,0
8.93387761,0
10.60058999,0
6.838816707,0
5.600876517,0
6.102533306,0
6.490922996,0
8.50697907,0
7.413288341,0
7.586235788,0
7.103348375,0
6.153495924,0
2.376768076,0
7.514835666,0
7.445189293,0
4.835297728,0
8.376279725,0
7.945909069,0
8.727778876,0
6.089430846,0
7.172323075,0
8.332953485,0
4.563370643,0
3.676844993,0
7.889079735,0
5.525768545,0
4.858055602,0
3.272820098,0
7.117578658,0
7.822257363,0
4.334057806,0
8.839583902,0
5.290666877,0
7.873271693,0
7.148440932,0
6.453605209,0
5.654118943,0
7.650683237,0
6.418203057,0
6.848000113,0
6.991685153,0
5.924799469,0
7.526680395,0
5.324641431,0
9.038326069,0
5.945988643,0
6.195086858,0
9.062822325,0
7.137428697,0
6.232010556,0
7.780868679,0
7.150046115,0
4.574124682,0
6.179312078,0
5.566328463,0
7.185167714,0
6.990452677,0
5.810742057,0
7.444165852,0
4.374877632,0
6.602539772,0
6.857493758,0
6.789820821,0
8.560349291,0
8.277058198,0
6.921257043,0
5.63692356,0
6.607503311,0
4.95141352,0
5.913132933,0
5.796236902,0
5.039673104,0
6.163519015,0
6.339142826,0
7.610672776,0
5.782079034,0
6.451503543,0
6.9204487,0
6.549187601,0
6.393231345,0
6.100245391,0
6.35943131,0
6.272474991,0
7.493843861,0
7.635264692,0
9.097617417,0
8.040144167,0
7.296908882,0
8.226808034,0
8.014183072,0
9.252893397,0
7.288112707,0
4.865444268,0
4.762828659,0
5.141506877,0
4.886379804,0
9.454119448,0
7.000523221,0
8.32398215,0
6.643158712,0
6.758656471,0
8.628893415,0
9.794717849,0
5.376078292,0
5.603325961,0
8.592417714,0
7.266781486,0
8.064652809,0
6.336456502,0
6.166348223,0
4.533399114,0
8.951652135,0
7.210773702,0
4.238282525,0
8.264090516,0
7.893312711,0
4.85558776,0
5.230453969,0
7.017295399,0
4.941972157,0
9.638222268,0
7.33739985,0
8.257596525,0
8.31526762,0
7.171593555,0
6.941278904,0
6.888547603,0
6.833111019,0
8.247958056,0
8.9223798,0
7.356056778,0
9.752703227,0
6.844141767,0
6.910765112,0
8.801846046,0
6.283103588,0
6.35403811,0
5.92876734,0
6.823642006,0
7.342231249,0
7.146019716,0
5.089387791,0
8.594217251,0
8.149437298,0
9.271578533,0
7.021617481,0
7.833361001,0
6.643734376,0
6.761413709,0
7.243482154,0
7.990658239,0
7.612516823,0
6.080992869,0
7.888424515,0
6.658833572,0
7.22299756,0
6.427720561,0
5.023380784,0
8.163999618,0
5.272156459,0
6.903074331,0
7.466558358,0
7.397650663,0
5.53953369,0
7.376161138,0
9.318613916,0
6.701940912,0
5.547576263,0
9.001822865,0
9.130768887,0
4.07792047,0
7.125211076,0
13.54124024,0
7.171223723,0
6.9777441,0
6.35716672,0
8.339436757,0
6.27695651,0
10.94747264,0
9.871791232,0
4.317187354,0
4.227537386,0
4.140077139,0
5.349997297,0
7.578014308,0
7.710137891,0
8.330743319,0
6.510972335,0
6.934310583,0
8.618653849,0
8.460963964,0
4.004248333,0
3.762097646,0
3.795132905,0
5.660736311,0
9.396148399,0
13.34988856,0
7.817901281,0
1.431781555,0
6.970036694,0
10.85186035,0
6.58800729,0
9.00435217,0
4.328282516,0
7.417823927,0
3.261669787,0
7.928831289,0
7.975329901,0
9.504157788,0
5.158722568,0
3.923473633,0
5.849778285,0
5.890870359,0
5.963479205,0
6.106759636,0
6.898932482,0
8.091812332,0
7.611982389,0
8.886979332,0
6.532097274,0
7.833980482,0
11.56316906,0
6.782868548,0
8.28876546,0
0.97557799,0
7.528980405,0
9.764658134,0
10.19166524,0
2.92517432,0
6.657793591,0
7.00523014,0
6.227841922,0
6.392760459,0
6.088022489,0
3.961389047,0
4.275159673,0
7.301903491,0
10.89348473,0
6.79809746,0
11.49670245,0
5.808238634,0
5.679330465,0
7.783305613,0
6.316470521,0
8.605374455,0
7.057552646,0
4.850104171,0
4.560916536,0
9.130828108,0
4.233558617,0
5.571019711,0
8.527142498,0
4.570854413,0
8.903733775,0
9.45993051,0
6.040281662,0
4.663492192,0
5.726336216,0
10.93311072,0
4.281522089,0
7.948488372,0
6.825647037,0
7.285371191,0
5.984941215,0
5.368988344,0
4.016590233,0
7.719000805,0
5.983731294,0
7.732601709,0
8.847880711,0
7.561832948,0
8.758560056,0
3.832917409,0
3.730128007,0
5.801571267,0
3.678431807,0
5.14358748,0
6.628256197,0
3.102075565,0
4.497585145,0
5.584124358,0
10.33127328,0
9.130795899,0
4.618850847,0
6.931244178,0
5.602158585,0
7.520518927,0
5.58246982,0
7.992749619,0
8.210357973,0
9.901930594,0
9.405875051,0
9.58789503,0
4.633202516,0
6.90111102,0
7.795557629,0
0,0
8.39826106,0
6.255149749,0
11.49685889,0
9.347344621,0
11.62114013,0
10.33767086,0
5.287982808,0
7.617524134,0
7.149124568,0
8.651389727,0
5.290004371,0
5.369584181,0
8.747271524,0
8.040392261,0
8.550427815,0
7.739325711,0
7.104594899,0
6.988206155,0
7.86978187,0
8.85969604,0
7.39754401,0
5.174896032,0
5.470981822,0
6.711814601,0
4.933106138,0
6.260891634,0
7.693555235,0
5.622807135,0
6.174884306,0
5.039406776,0
7.756939183,0
9.809996387,0
8.479592799,0
8.862867931,0
6.155738624,0
7.287286375,0
9.065894194,0
9.314522392,0
9.759937781,0
7.985406394,0
8.108350799,0
8.243090986,0
10.28937961,0
3.989032078,0
8.519639043,0
4.495357679,0
5.620533436,0
8.552993665,0
10.2099558,0
6.588207965,0
8.558388775,0
8.426906357,0
7.207538608,0
10.22768969,0
11.39054311,0
6.580043295,0
10.81783108,0
5.093675135,0
5.264283802,0
7.971298747,0
8.35035104,0
4.032060534,0
2.128531434,0
9.842056294,0
7.664628097,0
7.260319682,0
9.537878629,0
1.985383359,0
7.248991198,0
6.96820896,0
6.150553015,0
6.300755509,0
6.920799599,0
6.481890279,0
7.309596474,0
5.967274228,0
8.63127,0
9.172624519,0
3.337628998,0
11.4497393,0
6.283678795,0
8.761768405,0
6.61673069,0
7.734569203,0
6.971577182,0
4.709186747,0
5.23000319,0
5.27418539,0
8.433443104,0
6.847863212,0
7.26354507,0
6.733266883,0
7.777665366,0
6.103731305,0
6.665774201,0
4.959852811,0
6.397905014,0
8.140344463,0
6.850625418,0
6.71477688,0
4.337119469,0
8.433290824,0
7.274212567,0
6.579184951,0
8.651023363,0
8.357612993,0
6.658741558,0
10.50378654,0
6.332386866,0
6.730427772,0
8.2977832,0
6.259267533,0
8.076126298,0
5.731042139,0
6.563356597,0
5.303764337,0
7.647871554,0
7.95145117,0
8.832142261,0
8.250830009,0
5.860574155,0
8.182103306,0
7.889579345,0
8.713482927,0
6.185924892,0
9.079715109,0
8.379512703,0
9.221955642,0
9.370696575,0
7.487573364,0
6.028348785,0
6.283318587,0
5.666446145,0
6.985303737,0
7.273368228,0
7.449659686,0
7.618119572,0
6.698153869,0
7.02729686,0
8.610963032,0
7.423586012,0
5.456680888,0
9.612898964,0
8.246919871,0
6.641174116,0
6.64606727,0
7.164478295,0
8.285071527,0
6.110022206,0
8.316663722,0
9.004680613,0
6.886512603,0
9.293621613,0
6.985192202,0
5.094164361,0
6.150034401,0
6.18969926,0
7.497987815,0
6.965279872,0
5.412119545,0
7.503085765,0
8.581042821,0
5.530055021,0
8.743958545,0
9.05238369,0
8.077260886,0
6.682097359,0
4.731320076,0
9.241419974,0
5.628313272,0
4.857802624,0
8.430471662,0
6.81760838,0
5.91375532,0
5.500276575,0
5.608623152,0
5.609235359,0
5.859822104,0
6.417716047,0
6.170526139,0
4.034063411,0
4.979468811,0
8.097453771,0
8.468741063,0
7.870853412,0
7.679595096,0
7.226592711,0
8.659113027,0
6.360195819,0
10.48560365,0
6.603416523,0
5.713322921,0
4.767472455,0
9.609834365,0
9.186453377,0
9.960689858,0
6.102306794,0
6.792655098,0
5.910539738,0
6.125810325,0
5.836104525,0
10.66736393,0
8.628301074,0
6.26011129,0
10.80815694,0
7.371914156,0
4.825591458,0
4.868827135,0
7.395450847,0
8.86211271,0
6.00897361,0
7.607223911,0
6.683367697,0
6.638411449,0
9.271355447,0
3.629922065,0
8.378108023,0
6.923636014,0
5.893103408,0
8.197353369,0
8.372910285,0
8.989900091,0
6.702546553,0
11.49101091,0
6.069615757,0
4.668101687,0
7.808856018,0
9.419510316,0
5.126762923,0
7.874671358,0
